scenarioName,scenarioLoop,stepName,stepLoop,correlationId,requestTimeStamp,responseDelayMilliSec,responseTimeStamp,result,method
"mock-WHEN-event-has-All-fields-being-TRANSFER-EXPECT-message-posted-to-Desp",0,SETUP_RESET_MAPPINGS,,"4d120881-acae-44a8-87ba-3c1b4d577e5b","2020-10-16T21:01:23.100831",1466.0,"2020-10-16T21:01:24.567095",PASSED,POST
"mock-WHEN-event-has-All-fields-being-TRANSFER-EXPECT-message-posted-to-Desp",0,Webhook-Event-Consume,,"d77a062c-34ed-4ff2-9a69-1e55d4ed24d3","2020-10-16T21:01:40.956777",4023.0,"2020-10-16T21:01:44.980232",PASSED,consume
"mock-WHEN-event-has-All-fields-being-TRANSFER-EXPECT-message-posted-to-Desp",0,"DELAY_for_Wiremock_Processing",,"ff765250-5e1c-42a9-915f-6ee1f8ac08f4","2020-10-16T21:01:33.947027",7005.0,"2020-10-16T21:01:40.952991",PASSED,seconds
"mock-WHEN-event-has-All-fields-being-TRANSFER-EXPECT-message-posted-to-Desp",0,"GIVEN_webhook_xtransferOrder_event_posted_on_kafka",,"20d02002-a5e0-4466-b193-fc4eea7c75db","2020-10-16T21:01:33.028974",916.0,"2020-10-16T21:01:33.945455",PASSED,produceMessage
"mock-WHEN-event-has-All-fields-being-TRANSFER-EXPECT-message-posted-to-Desp",0,"EXPECT_GET_call_to_OSP_for_Purchase_order_details",,"c174da50-687f-4601-bc42-687372a9638e","2020-10-16T21:01:44.981314",72.0,"2020-10-16T21:01:45.053521",FAILED,POST
"mock-WHEN-event-has-All-fields-being-TRANSFER-EXPECT-message-posted-to-Desp",0,"Clear-Kafka-Queue-Webhook",,"20f2a534-21cc-4e83-b8b3-b606fa9f728b","2020-10-16T21:01:24.601220",4390.0,"2020-10-16T21:01:28.991228",PASSED,consume
"mock-WHEN-event-has-All-fields-being-TRANSFER-EXPECT-message-posted-to-Desp",0,"Clear-Kafka-Queue-Inventory",,"89c896f2-3c0f-4f22-9432-f6d8dad4a01f","2020-10-16T21:01:28.992799",4034.0,"2020-10-16T21:01:33.027734",PASSED,consume
"mock-WHEN-event-has-All-fields-being-TRANSFER-EXPECT-message-posted-to-Desp",0,SETUP_DELETE_REQUESTS,,"a215d58f-fe0e-4b33-9db0-04749093d085","2020-10-16T21:01:24.572354",27.0,"2020-10-16T21:01:24.599809",PASSED,DELETE
"mock-WHEN-event-has-zero-fields-being-TRANSFER-EXPECT-message-posted-to-Desp",1,Webhook-Event-Consume,,"b8ddb220-0d73-4e2b-b437-3e746833c820","2020-10-16T21:02:01.505283",4019.0,"2020-10-16T21:02:05.524433",PASSED,consume
"mock-WHEN-event-has-zero-fields-being-TRANSFER-EXPECT-message-posted-to-Desp",1,"Clear-Kafka-Queue-Webhook",,"5cc1e257-8e75-4acc-871b-f9ba9cddf00a","2020-10-16T21:01:45.117849",4024.0,"2020-10-16T21:01:49.142428",PASSED,consume
"mock-WHEN-event-has-zero-fields-being-TRANSFER-EXPECT-message-posted-to-Desp",1,"EXPECT_GET_call_to_OSP_for_Purchase_order_details",,"993eb592-28c9-4286-abc7-81e48148ed04","2020-10-16T21:02:05.525362",30.0,"2020-10-16T21:02:05.555986",FAILED,POST
"mock-WHEN-event-has-zero-fields-being-TRANSFER-EXPECT-message-posted-to-Desp",1,SETUP_RESET_MAPPINGS,,"53546812-11bb-48db-94d0-a6bb3a039fb1","2020-10-16T21:01:45.056098",44.0,"2020-10-16T21:01:45.100277",PASSED,POST
"mock-WHEN-event-has-zero-fields-being-TRANSFER-EXPECT-message-posted-to-Desp",1,"GIVEN_webhook_xtransferOrder_event_posted_on_kafka",,"73e00983-b118-48ae-b487-28cf4f015e62","2020-10-16T21:01:54.459128",43.0,"2020-10-16T21:01:54.502650",PASSED,produceMessage
"mock-WHEN-event-has-zero-fields-being-TRANSFER-EXPECT-message-posted-to-Desp",1,SETUP_DELETE_REQUESTS,,"a5dd19e6-2352-4d59-897b-fed6140f143b","2020-10-16T21:01:45.101454",15.0,"2020-10-16T21:01:45.116712",PASSED,DELETE
"mock-WHEN-event-has-zero-fields-being-TRANSFER-EXPECT-message-posted-to-Desp",1,"Clear-Kafka-Queue-Inventory",,"b5a432b2-e46e-4b0f-ad85-93af7c1a3340","2020-10-16T21:01:49.143276",5314.0,"2020-10-16T21:01:54.458043",PASSED,consume
"mock-WHEN-event-has-zero-fields-being-TRANSFER-EXPECT-message-posted-to-Desp",1,"DELAY_for_Wiremock_Processing",,"53676374-9a6c-4b79-8a4a-b57199d56443","2020-10-16T21:01:54.503506",7000.0,"2020-10-16T21:02:01.504413",PASSED,seconds
"mock-WHEN-event-has-All-fields-being-ORDER-EXPECT-message-posted-to-Desp",2,"Clear-Kafka-Queue-Inventory",,"65602320-f87f-4b63-b01e-90d7d2c476cf","2020-10-16T21:02:09.624506",5246.0,"2020-10-16T21:02:14.871270",PASSED,consume
"mock-WHEN-event-has-All-fields-being-ORDER-EXPECT-message-posted-to-Desp",2,"GIVEN_webhook_xtransferOrder_event_posted_on_kafka",,"1ea53903-1fe3-4cd2-8ad1-dbacc0aa51c7","2020-10-16T21:02:14.872173",44.0,"2020-10-16T21:02:14.917100",PASSED,produceMessage
"mock-WHEN-event-has-All-fields-being-ORDER-EXPECT-message-posted-to-Desp",2,"Clear-Kafka-Queue-Webhook",,"f4aab604-d1c5-4709-b9f9-f94ed352268c","2020-10-16T21:02:05.610420",4013.0,"2020-10-16T21:02:09.623671",PASSED,consume
"mock-WHEN-event-has-All-fields-being-ORDER-EXPECT-message-posted-to-Desp",2,SETUP_DELETE_REQUESTS,,"e1f94ccd-f6d5-409e-8567-5b749e8c7fad","2020-10-16T21:02:05.593261",16.0,"2020-10-16T21:02:05.609430",PASSED,DELETE
"mock-WHEN-event-has-All-fields-being-ORDER-EXPECT-message-posted-to-Desp",2,Webhook-Event-Consume,,"0c2f71cc-6123-4d60-8598-7edf512e5c71","2020-10-16T21:02:21.921004",4013.0,"2020-10-16T21:02:25.934135",PASSED,consume
"mock-WHEN-event-has-All-fields-being-ORDER-EXPECT-message-posted-to-Desp",2,"DELAY_for_Wiremock_Processing",,"eb10d0f8-7df7-453d-b6c3-782f2cfc8fd4","2020-10-16T21:02:14.918389",7001.0,"2020-10-16T21:02:21.920324",PASSED,seconds
"mock-WHEN-event-has-All-fields-being-ORDER-EXPECT-message-posted-to-Desp",2,SETUP_RESET_MAPPINGS,,"4949e75d-7fe5-4ed3-9762-126671acc851","2020-10-16T21:02:05.557113",35.0,"2020-10-16T21:02:05.592282",PASSED,POST
"mock-WHEN-event-has-All-fields-being-ORDER-EXPECT-message-posted-to-Desp",2,"EXPECT_GET_call_to_OSP_for_Purchase_order_details",,"fe60eaec-d7e8-4c7f-abde-c821ca8da815","2020-10-16T21:02:25.935053",24.0,"2020-10-16T21:02:25.959721",FAILED,POST
"mock-WHEN-event-has-zero-fields-being-ORDER-EXPECT-message-posted-to-Desp",3,"DELAY_for_Wiremock_Processing",,"4fba731a-8d88-4ae8-ae82-db0a5608d336","2020-10-16T21:02:39.239179",7005.0,"2020-10-16T21:02:46.244429",PASSED,seconds
"mock-WHEN-event-has-zero-fields-being-ORDER-EXPECT-message-posted-to-Desp",3,SETUP_DELETE_REQUESTS,,"018ff83f-64d6-4fcc-b39a-0f96807f54bd","2020-10-16T21:02:25.994706",12.0,"2020-10-16T21:02:26.007301",PASSED,DELETE
"mock-WHEN-event-has-zero-fields-being-ORDER-EXPECT-message-posted-to-Desp",3,"Clear-Kafka-Queue-Inventory",,"24c43dd8-efdf-4a51-af86-d26ad71ed723","2020-10-16T21:02:30.028576",9173.0,"2020-10-16T21:02:39.202006",PASSED,consume
"mock-WHEN-event-has-zero-fields-being-ORDER-EXPECT-message-posted-to-Desp",3,Webhook-Event-Consume,,"f7ca5a09-422b-4927-b942-4ad756d925eb","2020-10-16T21:02:46.245265",4017.0,"2020-10-16T21:02:50.262540",PASSED,consume
"mock-WHEN-event-has-zero-fields-being-ORDER-EXPECT-message-posted-to-Desp",3,"Clear-Kafka-Queue-Webhook",,"6dd4e4c4-2e98-46d1-9e51-354cfe029dd7","2020-10-16T21:02:26.008224",4019.0,"2020-10-16T21:02:30.027598",PASSED,consume
"mock-WHEN-event-has-zero-fields-being-ORDER-EXPECT-message-posted-to-Desp",3,SETUP_RESET_MAPPINGS,,"1152a604-2e72-433d-a804-00e906f07abc","2020-10-16T21:02:25.960718",33.0,"2020-10-16T21:02:25.993830",PASSED,POST
"mock-WHEN-event-has-zero-fields-being-ORDER-EXPECT-message-posted-to-Desp",3,"EXPECT_GET_call_to_OSP_for_Purchase_order_details",,"fff38427-e7e6-4289-9f66-1e53b22f62fe","2020-10-16T21:02:50.263613",14.0,2020-10-16T21:02:50.278,FAILED,POST
"mock-WHEN-event-has-zero-fields-being-ORDER-EXPECT-message-posted-to-Desp",3,"GIVEN_webhook_xtransferOrder_event_posted_on_kafka",,"04e12c7f-8724-4ce7-9c84-f73753cba5e5","2020-10-16T21:02:39.202995",35.0,"2020-10-16T21:02:39.238287",PASSED,produceMessage
"mock-WHEN-event-has-All-fields-being-TRANSFER-EXPECT-message-posted-to-Desp",0,Webhook-Event-Consume,,"e49fe276-4107-4350-bfc8-cfc7fb598777","2020-10-16T21:03:05.741253",5207.0,"2020-10-16T21:03:10.948254",PASSED,consume
"mock-WHEN-event-has-All-fields-being-TRANSFER-EXPECT-message-posted-to-Desp",0,SETUP_RESET_MAPPINGS,,"801c3e4a-5a94-425e-a92d-b437ac0b028d","2020-10-16T21:02:50.480845",40.0,"2020-10-16T21:02:50.520970",PASSED,POST
"mock-WHEN-event-has-All-fields-being-TRANSFER-EXPECT-message-posted-to-Desp",0,"GIVEN_webhook_xtransferOrder_event_posted_on_kafka",,"827655be-5302-46c2-a6b2-e6dbb10972bf","2020-10-16T21:02:58.582575",153.0,"2020-10-16T21:02:58.736094",PASSED,produceMessage
"mock-WHEN-event-has-All-fields-being-TRANSFER-EXPECT-message-posted-to-Desp",0,SETUP_DELETE_REQUESTS,,"b1d41424-068f-470d-890d-e18962dd8da7","2020-10-16T21:02:50.521754",13.0,"2020-10-16T21:02:50.535171",PASSED,DELETE
"mock-WHEN-event-has-All-fields-being-TRANSFER-EXPECT-message-posted-to-Desp",0,"EXPECT_GET_call_to_OSP_for_Purchase_order_details",,"39030aa1-771f-4dd1-8f77-cb01fcb65a77","2020-10-16T21:03:10.948900",14.0,"2020-10-16T21:03:10.963615",FAILED,POST
"mock-WHEN-event-has-All-fields-being-TRANSFER-EXPECT-message-posted-to-Desp",0,"Clear-Kafka-Queue-Webhook",,"faf2f1f6-0ba1-4b09-bb32-5223c66d2c2b","2020-10-16T21:02:50.535891",4025.0,"2020-10-16T21:02:54.560961",PASSED,consume
"mock-WHEN-event-has-All-fields-being-TRANSFER-EXPECT-message-posted-to-Desp",0,"DELAY_for_Wiremock_Processing",,"4a0e5263-b97e-4043-bd56-780446321531","2020-10-16T21:02:58.736617",7003.0,"2020-10-16T21:03:05.740610",PASSED,seconds
"mock-WHEN-event-has-All-fields-being-TRANSFER-EXPECT-message-posted-to-Desp",0,"Clear-Kafka-Queue-Inventory",,"fa3a309f-4ff6-4dcf-9801-cb98d3b7a3c2","2020-10-16T21:02:54.561556",4020.0,"2020-10-16T21:02:58.581856",PASSED,consume
"mock-WHEN-event-has-zero-fields-being-TRANSFER-EXPECT-message-posted-to-Desp",1,Webhook-Event-Consume,,"b413556b-17a7-410c-940a-ceff3f6801a2","2020-10-16T21:03:26.079334",4016.0,"2020-10-16T21:03:30.096189",PASSED,consume
"mock-WHEN-event-has-zero-fields-being-TRANSFER-EXPECT-message-posted-to-Desp",1,SETUP_DELETE_REQUESTS,,"dc9b8781-4f21-42a8-904b-8465c78d81f4","2020-10-16T21:03:10.997979",12.0,"2020-10-16T21:03:11.010431",PASSED,DELETE
"mock-WHEN-event-has-zero-fields-being-TRANSFER-EXPECT-message-posted-to-Desp",1,"EXPECT_GET_call_to_OSP_for_Purchase_order_details",,"45193c16-495a-49e1-ba9a-322c282b1ea4","2020-10-16T21:03:30.096922",16.0,"2020-10-16T21:03:30.113310",FAILED,POST
"mock-WHEN-event-has-zero-fields-being-TRANSFER-EXPECT-message-posted-to-Desp",1,SETUP_RESET_MAPPINGS,,"f205a54c-6887-4e83-9ba8-fe802e237078","2020-10-16T21:03:10.965558",31.0,"2020-10-16T21:03:10.997341",PASSED,POST
"mock-WHEN-event-has-zero-fields-being-TRANSFER-EXPECT-message-posted-to-Desp",1,"GIVEN_webhook_xtransferOrder_event_posted_on_kafka",,"f5cfb4ce-d8bd-4686-a000-28c4e273fb61","2020-10-16T21:03:19.045867",31.0,"2020-10-16T21:03:19.077696",PASSED,produceMessage
"mock-WHEN-event-has-zero-fields-being-TRANSFER-EXPECT-message-posted-to-Desp",1,"Clear-Kafka-Queue-Inventory",,"1f7fa889-9fe7-49b2-8d67-800c67e95993","2020-10-16T21:03:15.024042",4021.0,"2020-10-16T21:03:19.045167",PASSED,consume
"mock-WHEN-event-has-zero-fields-being-TRANSFER-EXPECT-message-posted-to-Desp",1,"Clear-Kafka-Queue-Webhook",,"79dcc32d-2324-4794-8480-d936e6e99703","2020-10-16T21:03:11.011142",4012.0,"2020-10-16T21:03:15.023511",PASSED,consume
"mock-WHEN-event-has-zero-fields-being-TRANSFER-EXPECT-message-posted-to-Desp",1,"DELAY_for_Wiremock_Processing",,"77aaff78-3520-47d9-999b-630e5382de26","2020-10-16T21:03:19.078374",7000.0,"2020-10-16T21:03:26.078867",PASSED,seconds
"mock-WHEN-event-has-All-fields-being-ORDER-EXPECT-message-posted-to-Desp",2,"GIVEN_webhook_xtransferOrder_event_posted_on_kafka",,"a09e8889-2cec-4f7d-8a86-be0a0112022c","2020-10-16T21:03:38.181010",146.0,"2020-10-16T21:03:38.327598",PASSED,produceMessage
"mock-WHEN-event-has-All-fields-being-ORDER-EXPECT-message-posted-to-Desp",2,SETUP_DELETE_REQUESTS,,"1c81a5f7-4c22-4229-9d45-931dceda06a1","2020-10-16T21:03:30.137002",11.0,"2020-10-16T21:03:30.148309",PASSED,DELETE
"mock-WHEN-event-has-All-fields-being-ORDER-EXPECT-message-posted-to-Desp",2,"Clear-Kafka-Queue-Webhook",,"5f1806eb-7365-4208-b878-2bb6821f17fd","2020-10-16T21:03:30.148915",4015.0,"2020-10-16T21:03:34.164820",PASSED,consume
"mock-WHEN-event-has-All-fields-being-ORDER-EXPECT-message-posted-to-Desp",2,"EXPECT_GET_call_to_OSP_for_Purchase_order_details",,"318d5332-9e20-4bac-b4c9-fce6166bd67b","2020-10-16T21:03:50.512372",14.0,"2020-10-16T21:03:50.527125",FAILED,POST
"mock-WHEN-event-has-All-fields-being-ORDER-EXPECT-message-posted-to-Desp",2,"DELAY_for_Wiremock_Processing",,"bd7b5911-7333-4e68-93b1-894da2e620c6","2020-10-16T21:03:38.328200",7003.0,"2020-10-16T21:03:45.331627",PASSED,seconds
"mock-WHEN-event-has-All-fields-being-ORDER-EXPECT-message-posted-to-Desp",2,SETUP_RESET_MAPPINGS,,"151c8921-550e-44fd-bae6-10174516a66e","2020-10-16T21:03:30.113946",22.0,"2020-10-16T21:03:30.136323",PASSED,POST
"mock-WHEN-event-has-All-fields-being-ORDER-EXPECT-message-posted-to-Desp",2,Webhook-Event-Consume,,"d6bf6e00-3413-4ebf-8b4f-f17fcb449be7","2020-10-16T21:03:45.332743",5178.0,"2020-10-16T21:03:50.511611",PASSED,consume
"mock-WHEN-event-has-All-fields-being-ORDER-EXPECT-message-posted-to-Desp",2,"Clear-Kafka-Queue-Inventory",,"95116503-8833-4193-9e87-cf371002d308","2020-10-16T21:03:34.165505",4014.0,"2020-10-16T21:03:38.180401",PASSED,consume
"mock-WHEN-event-has-zero-fields-being-ORDER-EXPECT-message-posted-to-Desp",3,SETUP_RESET_MAPPINGS,,"bfed9caa-ada7-49cf-ab1d-351ffbdd1af0","2020-10-16T21:03:50.529520",26.0,"2020-10-16T21:03:50.555856",PASSED,POST
"mock-WHEN-event-has-zero-fields-being-ORDER-EXPECT-message-posted-to-Desp",3,"Clear-Kafka-Queue-Webhook",,"43c0e52e-f84c-4a38-a55b-412755fae49f","2020-10-16T21:03:50.569652",4010.0,"2020-10-16T21:03:54.579838",PASSED,consume
"mock-WHEN-event-has-zero-fields-being-ORDER-EXPECT-message-posted-to-Desp",3,"GIVEN_webhook_xtransferOrder_event_posted_on_kafka",,"8bd26248-4eeb-4410-beb8-424907e8c10c","2020-10-16T21:03:58.603861",161.0,"2020-10-16T21:03:58.765023",PASSED,produceMessage
"mock-WHEN-event-has-zero-fields-being-ORDER-EXPECT-message-posted-to-Desp",3,SETUP_DELETE_REQUESTS,,"cb904200-3ca0-47e9-8661-9b218a1cc799","2020-10-16T21:03:50.556509",12.0,"2020-10-16T21:03:50.569009",PASSED,DELETE
"mock-WHEN-event-has-zero-fields-being-ORDER-EXPECT-message-posted-to-Desp",3,"DELAY_for_Wiremock_Processing",,"b2f9713b-b676-41ef-8d6e-2957a29323f5","2020-10-16T21:03:58.765632",7000.0,"2020-10-16T21:04:05.765768",PASSED,seconds
"mock-WHEN-event-has-zero-fields-being-ORDER-EXPECT-message-posted-to-Desp",3,"Clear-Kafka-Queue-Inventory",,"39d86b60-7726-44ab-95e9-d24bc3e4520f","2020-10-16T21:03:54.580409",4022.0,"2020-10-16T21:03:58.603079",PASSED,consume
"mock-WHEN-event-has-zero-fields-being-ORDER-EXPECT-message-posted-to-Desp",3,"EXPECT_GET_call_to_OSP_for_Purchase_order_details",,"9f0c0f5e-0554-4373-b668-9a658673c8a2","2020-10-16T21:04:09.787634",27.0,"2020-10-16T21:04:09.814858",FAILED,POST
"mock-WHEN-event-has-zero-fields-being-ORDER-EXPECT-message-posted-to-Desp",3,Webhook-Event-Consume,,"032e5786-4491-4c1c-91a2-639f2ec9bfac","2020-10-16T21:04:05.766414",4020.0,"2020-10-16T21:04:09.786805",PASSED,consume
"mock-WHEN-event-has-All-fields-being-TRANSFER-EXPECT-message-posted-to-Desp",0,"GIVEN_webhook_xtransferOrder_event_posted_on_kafka",,"557e5377-b302-4101-b931-6ca5ea622b51","2020-10-16T21:02:59.744900",33.0,"2020-10-16T21:02:59.778722",PASSED,produceMessage
"mock-WHEN-event-has-All-fields-being-TRANSFER-EXPECT-message-posted-to-Desp",0,"Clear-Kafka-Queue-Webhook",,"b84795cd-7550-4a79-a510-989d4e19b6d8","2020-10-16T21:02:51.701400",4018.0,"2020-10-16T21:02:55.720279",PASSED,consume
"mock-WHEN-event-has-All-fields-being-TRANSFER-EXPECT-message-posted-to-Desp",0,SETUP_DELETE_REQUESTS,,"66e72707-a60b-49e2-94c7-0b0af30e3c59","2020-10-16T21:02:51.685397",15.0,"2020-10-16T21:02:51.700763",PASSED,DELETE
"mock-WHEN-event-has-All-fields-being-TRANSFER-EXPECT-message-posted-to-Desp",0,Webhook-Event-Consume,,"f28d13bb-5dae-4886-8169-fc5b4b5e35be","2020-10-16T21:03:06.784427",4012.0,"2020-10-16T21:03:10.797137",PASSED,consume
"mock-WHEN-event-has-All-fields-being-TRANSFER-EXPECT-message-posted-to-Desp",0,SETUP_RESET_MAPPINGS,,"4e6e3777-4f94-44ca-ba24-60ea44e3864e","2020-10-16T21:02:51.651661",32.0,"2020-10-16T21:02:51.684398",PASSED,POST
"mock-WHEN-event-has-All-fields-being-TRANSFER-EXPECT-message-posted-to-Desp",0,"DELAY_for_Wiremock_Processing",,"ebdd2551-89ab-43bf-8578-304ff207e679","2020-10-16T21:02:59.779244",7004.0,"2020-10-16T21:03:06.783620",PASSED,seconds
"mock-WHEN-event-has-All-fields-being-TRANSFER-EXPECT-message-posted-to-Desp",0,"Clear-Kafka-Queue-Inventory",,"a2e2022a-f83c-4fd8-9a16-70c759eaecb7","2020-10-16T21:02:55.720900",4023.0,"2020-10-16T21:02:59.744277",PASSED,consume
"mock-WHEN-event-has-All-fields-being-TRANSFER-EXPECT-message-posted-to-Desp",0,"EXPECT_GET_call_to_OSP_for_Purchase_order_details",,"1073c87e-8fbe-4025-944f-dc0bd61765d0","2020-10-16T21:03:10.797707",15.0,"2020-10-16T21:03:10.813338",FAILED,POST
"mock-WHEN-event-has-zero-fields-being-TRANSFER-EXPECT-message-posted-to-Desp",1,"DELAY_for_Wiremock_Processing",,"f3aabb2e-4d6e-4de8-a903-8f0b427a6ce3","2020-10-16T21:03:19.051824",6996.0,"2020-10-16T21:03:26.048139",PASSED,seconds
"mock-WHEN-event-has-zero-fields-being-TRANSFER-EXPECT-message-posted-to-Desp",1,SETUP_RESET_MAPPINGS,,"764fa74c-bdef-40b7-aed8-36857e98bcf9","2020-10-16T21:03:10.814056",29.0,"2020-10-16T21:03:10.843932",PASSED,POST
"mock-WHEN-event-has-zero-fields-being-TRANSFER-EXPECT-message-posted-to-Desp",1,"Clear-Kafka-Queue-Inventory",,"092edb51-d7ec-48c8-a6bc-cd6fe99c4225","2020-10-16T21:03:14.873971",4017.0,"2020-10-16T21:03:18.891970",PASSED,consume
"mock-WHEN-event-has-zero-fields-being-TRANSFER-EXPECT-message-posted-to-Desp",1,"EXPECT_GET_call_to_OSP_for_Purchase_order_details",,"23b6784f-2fd6-49e3-8635-aab0ddaba426","2020-10-16T21:03:31.221159",13.0,"2020-10-16T21:03:31.234266",FAILED,POST
"mock-WHEN-event-has-zero-fields-being-TRANSFER-EXPECT-message-posted-to-Desp",1,"Clear-Kafka-Queue-Webhook",,"a9e9d61d-8de5-4806-acdd-a809fc90dd66","2020-10-16T21:03:10.858242",4015.0,"2020-10-16T21:03:14.873483",PASSED,consume
"mock-WHEN-event-has-zero-fields-being-TRANSFER-EXPECT-message-posted-to-Desp",1,SETUP_DELETE_REQUESTS,,"0c02a7ec-4061-4b32-93ae-d65d64bf3ea4","2020-10-16T21:03:10.844499",13.0,"2020-10-16T21:03:10.857624",PASSED,DELETE
"mock-WHEN-event-has-zero-fields-being-TRANSFER-EXPECT-message-posted-to-Desp",1,"GIVEN_webhook_xtransferOrder_event_posted_on_kafka",,"3a2ee0de-3539-4994-ad1a-a579d12f6c8c","2020-10-16T21:03:18.892599",158.0,"2020-10-16T21:03:19.051265",PASSED,produceMessage
"mock-WHEN-event-has-zero-fields-being-TRANSFER-EXPECT-message-posted-to-Desp",1,Webhook-Event-Consume,,"9382c206-dc71-4ce4-ab8b-41e348ef174d","2020-10-16T21:03:26.048599",5171.0,"2020-10-16T21:03:31.220590",PASSED,consume
"mock-WHEN-event-has-All-fields-being-ORDER-EXPECT-message-posted-to-Desp",2,"GIVEN_webhook_xtransferOrder_event_posted_on_kafka",,"65c65eb3-8c8f-4805-b801-92ad50c5d0ed","2020-10-16T21:03:39.321326",37.0,"2020-10-16T21:03:39.358380",PASSED,produceMessage
"mock-WHEN-event-has-All-fields-being-ORDER-EXPECT-message-posted-to-Desp",2,"Clear-Kafka-Queue-Webhook",,"9b9694da-692e-4e02-b8f4-48c5ad35ed62","2020-10-16T21:03:31.280005",4019.0,"2020-10-16T21:03:35.299087",PASSED,consume
"mock-WHEN-event-has-All-fields-being-ORDER-EXPECT-message-posted-to-Desp",2,SETUP_RESET_MAPPINGS,,"7b706389-f890-4657-987c-4f9ad9d515b1","2020-10-16T21:03:31.235677",29.0,"2020-10-16T21:03:31.265512",PASSED,POST
"mock-WHEN-event-has-All-fields-being-ORDER-EXPECT-message-posted-to-Desp",2,Webhook-Event-Consume,,"b1052a61-0358-41d2-bd8c-62ea771b885c","2020-10-16T21:03:46.360339",4023.0,"2020-10-16T21:03:50.384233",PASSED,consume
"mock-WHEN-event-has-All-fields-being-ORDER-EXPECT-message-posted-to-Desp",2,SETUP_DELETE_REQUESTS,,"37c35b92-eb2b-4f79-9f4e-a079b664e77a","2020-10-16T21:03:31.266291",13.0,"2020-10-16T21:03:31.279309",PASSED,DELETE
"mock-WHEN-event-has-All-fields-being-ORDER-EXPECT-message-posted-to-Desp",2,"DELAY_for_Wiremock_Processing",,"6c946dfa-3096-4dd3-8e72-591cc324f520","2020-10-16T21:03:39.358907",7000.0,"2020-10-16T21:03:46.359762",PASSED,seconds
"mock-WHEN-event-has-All-fields-being-ORDER-EXPECT-message-posted-to-Desp",2,"Clear-Kafka-Queue-Inventory",,"087639ad-3de6-4bb7-a464-cc5be8a5c349","2020-10-16T21:03:35.299598",4021.0,"2020-10-16T21:03:39.320769",PASSED,consume
"mock-WHEN-event-has-All-fields-being-ORDER-EXPECT-message-posted-to-Desp",2,"EXPECT_GET_call_to_OSP_for_Purchase_order_details",,"39122d83-b722-438d-9e3e-251eeacfdf97","2020-10-16T21:03:50.384944",20.0,"2020-10-16T21:03:50.405671",FAILED,POST
"mock-WHEN-event-has-zero-fields-being-ORDER-EXPECT-message-posted-to-Desp",3,"Clear-Kafka-Queue-Webhook",,"15975899-b128-42a2-a993-c8521f582740","2020-10-16T21:03:50.446683",4022.0,"2020-10-16T21:03:54.468756",PASSED,consume
"mock-WHEN-event-has-zero-fields-being-ORDER-EXPECT-message-posted-to-Desp",3,"Clear-Kafka-Queue-Inventory",,"1338ada7-c2bc-4c52-8e13-f4c53c0ab6e1","2020-10-16T21:03:54.469269",4025.0,"2020-10-16T21:03:58.494518",PASSED,consume
"mock-WHEN-event-has-zero-fields-being-ORDER-EXPECT-message-posted-to-Desp",3,SETUP_RESET_MAPPINGS,,"e30a247f-9974-4d87-8022-523370da4067","2020-10-16T21:03:50.406378",25.0,"2020-10-16T21:03:50.431979",PASSED,POST
"mock-WHEN-event-has-zero-fields-being-ORDER-EXPECT-message-posted-to-Desp",3,"GIVEN_webhook_xtransferOrder_event_posted_on_kafka",,"d9476aa4-ab85-4c38-b8df-a1ca4ecc8bfa","2020-10-16T21:03:58.495732",159.0,"2020-10-16T21:03:58.655651",PASSED,produceMessage
"mock-WHEN-event-has-zero-fields-being-ORDER-EXPECT-message-posted-to-Desp",3,"DELAY_for_Wiremock_Processing",,"92b09eef-ae79-49c0-b534-d1af7b264676","2020-10-16T21:03:58.656281",7000.0,"2020-10-16T21:04:05.657247",PASSED,seconds
"mock-WHEN-event-has-zero-fields-being-ORDER-EXPECT-message-posted-to-Desp",3,Webhook-Event-Consume,,"ed01df18-8bfc-4ddb-aa61-eb067e6a26bd","2020-10-16T21:04:05.658045",5167.0,"2020-10-16T21:04:10.825657",PASSED,consume
"mock-WHEN-event-has-zero-fields-being-ORDER-EXPECT-message-posted-to-Desp",3,"EXPECT_GET_call_to_OSP_for_Purchase_order_details",,"ad0c0357-8d12-41e7-8e51-b6f004528ef2","2020-10-16T21:04:10.826297",12.0,"2020-10-16T21:04:10.838306",FAILED,POST
"mock-WHEN-event-has-zero-fields-being-ORDER-EXPECT-message-posted-to-Desp",3,SETUP_DELETE_REQUESTS,,"c4bf21bf-a706-4700-ba27-9fb6055f3d40","2020-10-16T21:03:50.432613",13.0,"2020-10-16T21:03:50.445998",PASSED,DELETE
"mock-WHEN-event-has-All-fields-being-TRANSFER-EXPECT-message-posted-to-Desp",0,Webhook-Event-Consume,,"5b113ab2-391a-4d61-bd14-d6d2dd3df30b","2020-10-16T21:01:40.956750",5223.0,"2020-10-16T21:01:46.180043",PASSED,consume
"mock-WHEN-event-has-All-fields-being-TRANSFER-EXPECT-message-posted-to-Desp",0,SETUP_RESET_MAPPINGS,,"dfa39353-fe89-4e19-85a4-e05c944e3bfd","2020-10-16T21:01:23.521729",1045.0,"2020-10-16T21:01:24.567095",PASSED,POST
"mock-WHEN-event-has-All-fields-being-TRANSFER-EXPECT-message-posted-to-Desp",0,"Clear-Kafka-Queue-Inventory",,"10870ce3-6b9d-4754-a5d6-7b1784745ee9","2020-10-16T21:01:28.990122",4042.0,"2020-10-16T21:01:33.032298",PASSED,consume
"mock-WHEN-event-has-All-fields-being-TRANSFER-EXPECT-message-posted-to-Desp",0,"Clear-Kafka-Queue-Webhook",,"1de0ea9a-1263-4373-aa86-2df6d7f44a7d","2020-10-16T21:01:24.601233",4387.0,"2020-10-16T21:01:28.988634",PASSED,consume
"mock-WHEN-event-has-All-fields-being-TRANSFER-EXPECT-message-posted-to-Desp",0,"DELAY_for_Wiremock_Processing",,"fbde465b-24cb-4c57-9f57-20ba7d7fc495","2020-10-16T21:01:33.947008",7005.0,"2020-10-16T21:01:40.952991",PASSED,seconds
"mock-WHEN-event-has-All-fields-being-TRANSFER-EXPECT-message-posted-to-Desp",0,"GIVEN_webhook_xtransferOrder_event_posted_on_kafka",,"701f34f4-8650-4e21-91d6-c905e97619ee","2020-10-16T21:01:33.033661",911.0,"2020-10-16T21:01:33.945471",PASSED,produceMessage
"mock-WHEN-event-has-All-fields-being-TRANSFER-EXPECT-message-posted-to-Desp",0,SETUP_DELETE_REQUESTS,,"d95811f1-0b26-4ce1-9206-faa64295c8f0","2020-10-16T21:01:24.572354",27.0,"2020-10-16T21:01:24.599817",PASSED,DELETE
"mock-WHEN-event-has-All-fields-being-TRANSFER-EXPECT-message-posted-to-Desp",0,"EXPECT_GET_call_to_OSP_for_Purchase_order_details",,"310d2299-c643-4b40-b9f6-08e70bc004c7","2020-10-16T21:01:46.181106",18.0,"2020-10-16T21:01:46.199312",FAILED,POST
"mock-WHEN-event-has-zero-fields-being-TRANSFER-EXPECT-message-posted-to-Desp",1,Webhook-Event-Consume,,"542684ab-0b15-47f8-8385-3c76c2e44973","2020-10-16T21:02:01.383306",5195.0,"2020-10-16T21:02:06.578323",PASSED,consume
"mock-WHEN-event-has-zero-fields-being-TRANSFER-EXPECT-message-posted-to-Desp",1,SETUP_DELETE_REQUESTS,,"c40320bc-3243-41e9-88b1-63d901ec5c2c","2020-10-16T21:01:46.265560",12.0,"2020-10-16T21:01:46.277751",PASSED,DELETE
"mock-WHEN-event-has-zero-fields-being-TRANSFER-EXPECT-message-posted-to-Desp",1,SETUP_RESET_MAPPINGS,,"df18b0da-fc29-458b-9351-349e8ab6e8df","2020-10-16T21:01:46.203546",60.0,"2020-10-16T21:01:46.264522",PASSED,POST
"mock-WHEN-event-has-zero-fields-being-TRANSFER-EXPECT-message-posted-to-Desp",1,"DELAY_for_Wiremock_Processing",,"2ec28be7-c82e-4072-ac9d-6b97f15960f7","2020-10-16T21:01:54.375862",7005.0,"2020-10-16T21:02:01.381353",PASSED,seconds
"mock-WHEN-event-has-zero-fields-being-TRANSFER-EXPECT-message-posted-to-Desp",1,"Clear-Kafka-Queue-Webhook",,"905859bf-0b62-4df1-ae7a-d52a582e804d","2020-10-16T21:01:46.278708",4018.0,"2020-10-16T21:01:50.297643",PASSED,consume
"mock-WHEN-event-has-zero-fields-being-TRANSFER-EXPECT-message-posted-to-Desp",1,"Clear-Kafka-Queue-Inventory",,"0b395da9-ca67-4b53-b08e-5a358a70fd51","2020-10-16T21:01:50.298621",4027.0,"2020-10-16T21:01:54.325812",PASSED,consume
"mock-WHEN-event-has-zero-fields-being-TRANSFER-EXPECT-message-posted-to-Desp",1,"EXPECT_GET_call_to_OSP_for_Purchase_order_details",,"44fe9df4-d84e-4fbc-a7b1-1d12482a4aad","2020-10-16T21:02:06.579516",19.0,"2020-10-16T21:02:06.598675",FAILED,POST
"mock-WHEN-event-has-zero-fields-being-TRANSFER-EXPECT-message-posted-to-Desp",1,"GIVEN_webhook_xtransferOrder_event_posted_on_kafka",,"e0675dfe-4270-42eb-8505-3406da9ad8f2","2020-10-16T21:01:54.326641",48.0,"2020-10-16T21:01:54.375079",PASSED,produceMessage
"mock-WHEN-event-has-All-fields-being-ORDER-EXPECT-message-posted-to-Desp",2,"EXPECT_GET_call_to_OSP_for_Purchase_order_details",,"1983f116-f144-4e59-bdfd-41f52c27e88b","2020-10-16T21:02:26.943492",16.0,"2020-10-16T21:02:26.960488",FAILED,POST
"mock-WHEN-event-has-All-fields-being-ORDER-EXPECT-message-posted-to-Desp",2,"Clear-Kafka-Queue-Inventory",,"12420171-9cec-4adf-bb35-5474d9111cc9","2020-10-16T21:02:10.701024",4023.0,"2020-10-16T21:02:14.724825",PASSED,consume
"mock-WHEN-event-has-All-fields-being-ORDER-EXPECT-message-posted-to-Desp",2,"DELAY_for_Wiremock_Processing",,"35aba55e-8eb1-4063-a59c-ea8a47e08641","2020-10-16T21:02:14.768725",7004.0,"2020-10-16T21:02:21.773366",PASSED,seconds
"mock-WHEN-event-has-All-fields-being-ORDER-EXPECT-message-posted-to-Desp",2,"Clear-Kafka-Queue-Webhook",,"ab57eac1-dade-4b4c-9d63-8760cca53976","2020-10-16T21:02:06.679966",4020.0,"2020-10-16T21:02:10.700253",PASSED,consume
"mock-WHEN-event-has-All-fields-being-ORDER-EXPECT-message-posted-to-Desp",2,SETUP_DELETE_REQUESTS,,"48fca81d-605b-48a8-88e5-8c02c4a7dd82","2020-10-16T21:02:06.664904",14.0,"2020-10-16T21:02:06.679169",PASSED,DELETE
"mock-WHEN-event-has-All-fields-being-ORDER-EXPECT-message-posted-to-Desp",2,Webhook-Event-Consume,,"4935f890-ba93-47c4-8e91-e26f693b6cda","2020-10-16T21:02:21.774152",5168.0,"2020-10-16T21:02:26.942460",PASSED,consume
"mock-WHEN-event-has-All-fields-being-ORDER-EXPECT-message-posted-to-Desp",2,"GIVEN_webhook_xtransferOrder_event_posted_on_kafka",,"52d0d71f-df53-40a3-894f-078a6bb05856","2020-10-16T21:02:14.725682",42.0,"2020-10-16T21:02:14.767997",PASSED,produceMessage
"mock-WHEN-event-has-All-fields-being-ORDER-EXPECT-message-posted-to-Desp",2,SETUP_RESET_MAPPINGS,,"e62a1732-4b18-428d-ac72-7658360deedf","2020-10-16T21:02:06.601016",62.0,"2020-10-16T21:02:06.663953",PASSED,POST
"mock-WHEN-event-has-zero-fields-being-ORDER-EXPECT-message-posted-to-Desp",3,Webhook-Event-Consume,,"60692a6a-faf7-4e13-8f7a-77fdc5ce74b7","2020-10-16T21:02:42.110208",5063.0,"2020-10-16T21:02:47.174080",PASSED,consume
"mock-WHEN-event-has-zero-fields-being-ORDER-EXPECT-message-posted-to-Desp",3,"Clear-Kafka-Queue-Webhook",,"1f731bec-6411-4ca8-8afd-fe48c4ac2913","2020-10-16T21:02:27.029278",4013.0,"2020-10-16T21:02:31.043052",PASSED,consume
"mock-WHEN-event-has-zero-fields-being-ORDER-EXPECT-message-posted-to-Desp",3,"EXPECT_PUT_call_to_OSP_to_post_RMS_ID",,"2b14ca17-c113-4bac-82a5-29450e2eea6c","2020-10-16T21:02:47.450736",21.0,"2020-10-16T21:02:47.472282",PASSED,POST
"mock-WHEN-event-has-zero-fields-being-ORDER-EXPECT-message-posted-to-Desp",3,"EXPECT_GET_call_to_RMS_to_get_RmsId",,"b31ad9ec-b370-449a-9b4f-a4d77cb07633","2020-10-16T21:02:47.389866",59.0,"2020-10-16T21:02:47.449663",PASSED,POST
"mock-WHEN-event-has-zero-fields-being-ORDER-EXPECT-message-posted-to-Desp",3,"EXPECT_GET_call_to_OSP_for_Purchase_order_details",,"a47bdf71-560c-4e0f-86ed-fe01d08e0c54","2020-10-16T21:02:47.175003",213.0,"2020-10-16T21:02:47.388289",PASSED,POST
"mock-WHEN-event-has-zero-fields-being-ORDER-EXPECT-message-posted-to-Desp",3,"GIVEN_webhook_xtransferOrder_event_posted_on_kafka",,"3ed4161b-6fb5-4a9b-a320-cb6edf4a87ca","2020-10-16T21:02:35.060854",44.0,"2020-10-16T21:02:35.105470",PASSED,produceMessage
"mock-WHEN-event-has-zero-fields-being-ORDER-EXPECT-message-posted-to-Desp",3,SETUP_DELETE_REQUESTS,,"30fabc42-b69d-4be0-a9bf-6fccfa3e833a","2020-10-16T21:02:27.016399",12.0,"2020-10-16T21:02:27.028463",PASSED,DELETE
"mock-WHEN-event-has-zero-fields-being-ORDER-EXPECT-message-posted-to-Desp",3,SETUP_RESET_MAPPINGS,,"c609ff6d-9a25-4ca8-8535-c87149edaf44","2020-10-16T21:02:26.962772",52.0,"2020-10-16T21:02:27.015668",PASSED,POST
"mock-WHEN-event-has-zero-fields-being-ORDER-EXPECT-message-posted-to-Desp",3,"DELAY_for_Wiremock_Processing",,"fc4a7b02-ed7a-4ee5-86ef-7375ad74c1df","2020-10-16T21:02:35.106187",7003.0,"2020-10-16T21:02:42.109586",PASSED,seconds
"mock-WHEN-event-has-zero-fields-being-ORDER-EXPECT-message-posted-to-Desp",3,"EXPECT_purchase_order_message_on_desp",,"ccfdc751-a133-4804-8697-9f2af0cc8cc6","2020-10-16T21:02:47.474034",4022.0,"2020-10-16T21:02:51.496183",FAILED,consume
"mock-WHEN-event-has-zero-fields-being-ORDER-EXPECT-message-posted-to-Desp",3,"Clear-Kafka-Queue-Inventory",,"5f916c8e-eeb7-4240-a177-7b7e0c4a1769","2020-10-16T21:02:31.043807",4016.0,"2020-10-16T21:02:35.060136",PASSED,consume
